prompt,base,finetuned
Giải thích khái niệm machine learning cho người mới bắt đầu.,"Machine learning là một phân tích dữ liệu tự động hóa. Nó cho phép máy tự học, phân tích dữ liệu và rút ra kết luận. Nó sử dụng các thuật toán và mô hình để học từ dữ liệu và áp dụng những gì đã học vào dự đoán hoặc phân loại. Machine learning có thể được chia thành nhiều nhóm như: phân loại, dự đoá","Machine learning là một lĩnh vực trong trí thông minh nhân tạo, trong đó máy tính được huấn luyện để học từ dữ liệu và tự cải thiện các quy tắc dự đoán hoặc phân tích mà không cần phải viết các câu lệnh hoàn chỉnh. Nó có thể được sử dụng để phân loại, dự đoán, dự báo hoặc nhận dạng các hành vi hoặc "
Viết đoạn code Python tính số Fibonacci thứ n.,"Ví dụ:

```python
def hello_world():
    print('Hello World!')
```","Có nhiều cách để tính số Fibonacci thứ n, nhưng một cách phổ biến là sử dụng vòng lặp đệ quy. Dưới đây là một đoạn code Python cho phép tính số Fibonacci thứ n.

```python
def fibonacci(n):
    if n <= 0:
        return ""Không thể tính số Fibonacci thứ 0 hoặc số âm.""
    elif n == 1:
        return "
Liệt kê 5 nguyên tắc thiết kế UI/UX.,"1. 用户体验优先：设计 UI/UX 的首要目标是提供流畅的用户体验，确保用户能够轻松地完成任务并获得良好的体验。

2. 简洁清晰：设计 UI/UX 应该简洁明了，易于理解和使用。避免使用过多的复杂元素和过多的文本。

3. 一致性：设计 UI/UX 应该具有高度的一致性，以确保用户能够轻松地理解和使用应用程序。这包括使用一致的样式、颜色、字体和图标。

4. 可访问性：设计 UI/UX 应该考虑所有用户，包括那些有特殊需求的人。这意味着设计应该具有高度的可访问性，包括支持屏幕阅读器、高对比度模式和键盘导航等。

5. 响应式设计：设计 UI/UX 应该具有高度的响应性，以确保应用程序可以在","1. Đơn giản: UI/UX thiết kế nên đơn giản, dễ hiểu và dễ sử dụng. Các yếu tố hiển thị cần được sắp xếp hợp lý, tránh việc gây rối mắt và khó sử dụng.

2. Phong cách: UI/UX cần có phong cách riêng, đảm bảo sự thống nhất và liên quan đến chủ đề. Phong cách này cần phải phù hợp với đối tượng mục tiêu và"
Tóm tắt sự khác biệt giữa LoRA và QLoRA.,LoRA (Large Language Models with Small Models) và QLoRA (Quantized LoRA) là hai phương pháp khác nhau được sử dụng để tăng hiệu suất và khả năng xử lý của các mô hình NLP (Natural Language Processing) lớn. LoRA là một kỹ thuật để thay đổi kích thước và chức năng của các đầu vào và đầu ra của một mô ,LoRA (Low-Rank Adaptation) và QLoRA (Quantized LoRA) là hai phương pháp cải thiện hiệu suất của mô hình NLP (Natural Language Processing) bằng cách sử dụng kỹ thuật thấp cấp độ. LoRA sử dụng thuật toán kỹ thuật số để phân phối thông tin giữa các cặp trọng lượng và điều chỉnh chúng để tối ưu hóa hiệu
"Phân biệt prompt engineering, RAG, và fine-tuning.","Prompt engineering, RAG, và fine-tuning là ba phương pháp khác nhau trong công nghệ tự động học. Prompt engineering là một kỹ thuật được sử dụng để tạo ra các câu lệnh để giúp máy học hiểu và xử lý dữ liệu. RAG (Reinforcement Augmented Generation) là một kỹ thuật sử dụng hệ thống reinforcement learn","Prompt engineering, RAG, và fine-tuning là các kỹ thuật khác nhau được sử dụng trong AI để thực hiện các nhiệm vụ khác nhau. Prompt engineering là một kỹ thuật để cải thiện chất lượng câu hỏi hoặc lời đề nghị bằng cách sử dụng các câu hỏi hoặc lời đề nghị đã được tối ưu hóa. RAG (Relevance, Affinity"
